,City,Cloudiness (%),Country,Date,Humidity (%),Latitude,Longitude,Max Temp (F),Wind Speed (mph)
0,chuy,100,UY,1562789326,82,-33.69,-53.46,55.6,2.84
1,tiksi,51,RU,1562789327,74,71.64,128.87,53.8,9.69
2,sorland,75,NO,1562789327,87,67.67,12.69,51.8,9.17
3,tasiilaq,20,GL,1562789328,70,65.61,-37.64,48.2,9.17
4,lujiang,0,CN,1562789328,83,31.26,117.28,71.6,4.47
5,chemal,100,RU,1562789328,96,51.41,86.0,49.65,0.72
6,bonthe,100,SL,1562789204,87,7.53,-12.5,77.2,9.98
7,jalu,0,LY,1562789329,31,29.03,21.55,88.0,13.09
8,buraydah,0,SA,1562789329,20,26.33,43.97,93.2,5.82
9,mataura,90,NZ,1562789330,95,-46.19,168.86,44.01,1.01
10,sao filipe,27,CV,1562789330,83,14.9,-24.5,73.6,19.84
11,lebu,75,ET,1562789330,82,8.96,38.73,59.0,4.7
12,praia,0,BR,1562789330,37,-20.25,-43.81,71.6,3.36
13,ribeira grande,20,PT,1562789331,73,38.52,-28.7,75.2,4.7
14,avarua,37,CK,1562789095,83,-21.21,-159.78,75.2,9.17
15,punta arenas,90,CL,1562789331,93,-53.16,-70.91,37.4,6.93
16,arraial do cabo,0,BR,1562789332,64,-22.97,-42.02,71.6,13.87
17,new norfolk,75,AU,1562789332,75,-42.78,147.06,46.99,11.41
18,bambui,100,CM,1562789333,98,6.01,10.23,61.35,1.45
19,nikolskoye,40,RU,1562789333,66,59.7,30.79,55.4,11.18
20,mahebourg,40,MU,1562789186,83,-20.41,57.7,71.6,3.36
21,hilo,90,US,1562789176,69,19.71,-155.08,80.6,8.05
22,ancud,75,CL,1562789334,87,-41.87,-73.83,48.2,12.75
23,pevek,68,RU,1562789334,69,69.7,170.27,47.14,6.69
24,charlestown,1,US,1562789234,58,41.38,-71.64,89.01,8.05
25,san patricio,98,PY,1562789210,82,-26.98,-56.83,68.2,5.06
26,brae,75,GB,1562789335,100,60.4,-1.35,53.6,19.46
27,linjiang,100,CN,1562789335,96,41.81,126.91,59.37,1.07
28,ushuaia,0,AR,1562789335,93,-54.81,-68.31,39.2,3.13
29,polunochnoye,0,RU,1562789335,97,60.87,60.43,53.97,4.88
30,yuzhno-kurilsk,44,RU,1562789336,89,44.03,145.86,50.2,8.03
31,portland,40,US,1562789304,56,43.66,-70.25,86.0,10.29
32,bredasdorp,0,ZA,1562789336,87,-34.53,20.04,48.2,3.36
33,bluff,69,AU,1562789337,84,-23.58,149.07,61.54,1.48
34,albany,40,US,1562789337,51,42.65,-73.75,91.0,5.82
35,jamestown,34,AU,1562789337,90,-33.21,138.6,47.32,15.86
36,upernavik,0,GL,1562789337,85,72.79,-56.15,42.64,11.52
37,goderich,100,CA,1562789338,49,43.74,-81.71,89.01,5.99
38,hasaki,75,JP,1562789338,93,35.73,140.83,64.4,5.82
39,lata,92,IN,1562789338,96,30.78,78.62,46.42,1.43
40,hithadhoo,100,MV,1562789339,71,-0.6,73.08,84.4,8.28
41,hirara,100,JP,1562789339,84,24.8,125.28,84.4,19.08
42,kruisfontein,0,ZA,1562789339,91,-34.0,24.73,51.64,4.79
43,meulaboh,100,ID,1562789340,82,4.14,96.13,80.97,9.44
44,kalakamati,0,BW,1562789340,41,-20.59,27.31,57.2,4.7
45,geraldton,90,CA,1562789341,93,49.72,-86.95,62.6,8.05
46,chokurdakh,21,RU,1562789341,59,70.62,147.9,69.45,7.18
47,rikitea,5,PF,1562789341,78,-23.12,-134.97,73.42,19.04
48,yellowknife,75,CA,1562789342,67,62.45,-114.38,59.0,8.05
49,ilulissat,75,GL,1562789342,87,69.22,-51.1,44.6,3.36
50,valdosta,1,US,1562789106,55,30.83,-83.28,89.6,6.93
51,thompson,20,CA,1562789061,40,55.74,-97.86,68.0,4.7
52,sisimiut,53,GL,1562789343,94,66.94,-53.67,40.65,5.23
53,lavrentiya,0,RU,1562789343,38,65.58,-170.99,70.0,5.64
54,jining,84,CN,1562789344,94,35.41,116.58,75.0,3.22
55,anadyr,0,RU,1562789344,63,64.73,177.51,66.2,2.75
56,mackay,90,CA,1562789344,87,53.65,-115.58,57.2,3.36
57,port alfred,0,ZA,1562789344,92,-33.59,26.89,55.99,3.0
58,ayan,0,IR,1562789345,59,38.23,44.7,57.04,4.59
59,saint-augustin,90,CA,1562789345,51,45.63,-73.98,90.0,4.7
60,hobart,75,AU,1562789345,75,-42.88,147.33,46.99,11.41
61,dikson,100,RU,1562789345,97,73.51,80.55,31.47,8.68
62,waipawa,56,NZ,1562789346,85,-39.94,176.59,50.0,5.99
63,kodiak,1,US,1562789347,13,39.95,-94.76,86.0,12.75
64,qaanaaq,100,GL,1562789347,65,77.48,-69.36,43.54,1.63
65,hermanus,0,ZA,1562789348,96,-34.42,19.24,54.0,3.58
66,orsha,69,BY,1562789348,94,54.51,30.43,50.92,6.38
67,samfya,0,ZM,1562789349,45,-11.37,29.56,58.3,5.86
68,cherskiy,0,RU,1562789349,34,68.75,161.3,79.0,8.16
69,kavieng,100,PG,1562789349,73,-2.57,150.8,82.24,7.47
70,atuona,0,PF,1562789350,78,-9.8,-139.03,80.44,18.88
71,pisco,90,PE,1562789350,30,-13.71,-76.2,71.6,8.05
72,port lincoln,75,AU,1562789291,78,-34.72,135.86,59.2,30.67
73,vao,97,EE,1562789351,83,59.1,26.19,54.15,3.33
74,bethel,1,US,1562789060,73,60.79,-161.76,71.6,3.36
75,butaritari,72,KI,1562789352,68,3.07,172.79,84.4,1.52
76,wanning,20,AT,1562789352,51,48.64,13.53,62.6,4.7
77,ocamonte,85,CO,1562789352,90,6.34,-73.12,68.92,3.27
78,carnarvon,0,ZA,1562789353,27,-30.97,22.13,55.6,8.68
79,esperance,75,AU,1562789353,93,-33.86,121.89,51.8,11.41
80,moranbah,17,AU,1562789353,95,-22.0,148.04,58.47,1.81
81,isfana,0,KG,1562789353,60,39.84,69.53,73.4,4.47
82,albanel,75,CA,1562789182,46,48.88,-72.44,79.0,5.82
83,cornwall,1,CA,1562789170,40,45.02,-74.73,87.01,5.82
84,klaksvik,97,FO,1562789354,93,62.23,-6.59,51.8,16.11
85,airai,85,TL,1562789355,83,-8.93,125.41,67.3,4.34
86,nemuro,27,JP,1562789355,88,43.32,145.57,49.47,7.7
87,saint anthony,1,US,1562789356,36,43.97,-111.68,82.99,4.7
88,kaitangata,43,NZ,1562789359,86,-46.28,169.85,42.01,1.99
89,kailua,40,US,1562789074,83,21.39,-157.74,88.0,11.41
90,eureka,20,US,1562789158,69,40.8,-124.16,82.99,9.17
91,kieta,100,PG,1562789360,76,-6.22,155.63,76.84,9.64
92,busselton,90,AU,1562789360,72,-33.64,115.35,50.0,9.91
93,khatanga,34,RU,1562789360,62,71.98,102.47,52.17,8.66
94,castro,75,CL,1562789361,87,-42.48,-73.76,48.2,12.75
95,nova olinda do norte,100,BR,1562789361,95,-3.89,-59.1,78.45,2.21
96,kapaa,40,US,1562789362,74,22.08,-159.32,84.2,10.29
97,kidal,29,ML,1562789362,23,18.44,1.41,95.92,2.82
98,saskylakh,77,RU,1562789362,56,71.97,114.09,58.47,4.32
99,hofn,90,IS,1562789363,81,64.25,-15.21,50.0,4.7
100,chicama,20,PE,1562789363,77,-7.84,-79.15,68.0,10.29
101,port elizabeth,20,US,1562789192,61,39.31,-74.98,91.0,8.05
102,vila velha,20,BR,1562789364,65,-3.71,-38.6,86.0,9.17
103,severo-kurilsk,97,RU,1562789364,95,50.68,156.12,43.17,17.58
104,hurricane,1,US,1562789237,11,37.18,-113.29,99.0,6.93
105,santiago de cao,20,PE,1562789364,77,-7.96,-79.24,68.0,10.29
106,kokopo,100,PG,1562789365,87,-4.34,152.27,70.72,2.89
107,karratha,100,AU,1562789365,25,-20.74,116.85,71.44,10.31
108,macusani,0,PE,1562789365,35,-14.07,-70.43,43.9,7.94
109,aykhal,0,RU,1562789366,55,65.95,111.51,62.6,2.24
110,san angelo,1,US,1562789171,39,31.46,-100.44,100.99,9.48
111,baruun-urt,10,MN,1562789367,54,46.68,113.28,62.25,4.79
112,alofi,0,NU,1562789367,100,-19.06,-169.92,73.4,2.24
113,margate,75,AU,1562789367,75,-43.03,147.26,46.99,11.41
114,bethanien,0,NA,1562789367,18,-26.5,17.16,57.22,7.4
115,vaini,100,IN,1562789368,87,15.34,74.49,77.55,7.74
116,lokosovo,100,RU,1562789368,80,61.13,74.84,59.92,10.74
117,boa vista,40,BR,1562789368,58,2.82,-60.67,86.0,2.24
118,los palacios,91,CU,1562789138,85,22.59,-83.25,79.0,3.78
119,lazaro cardenas,75,MX,1562789369,29,28.39,-105.62,93.0,5.82
120,nara,75,JP,1562789369,94,34.68,135.8,73.99,6.93
121,cape town,0,ZA,1562789121,100,-33.93,18.42,55.99,4.7
122,baneh,0,IR,1562789369,21,35.99,45.88,93.2,11.41
123,nanakuli,1,US,1562789370,69,21.39,-158.15,88.0,9.17
124,barberino di mugello,0,IT,1562789370,53,44.0,11.24,79.0,9.17
125,faanui,19,PF,1562789371,71,-16.48,-151.75,77.02,5.88
126,atherton,90,AU,1562789255,83,-17.27,145.48,69.8,8.05
127,east london,0,ZA,1562789371,95,-33.02,27.91,52.17,3.58
128,luanda,0,AO,1562789250,83,-8.83,13.24,73.4,8.05
129,pedasi,100,PA,1562789372,73,7.53,-80.03,82.24,5.23
130,seoul,90,KR,1562789307,83,37.57,126.98,69.8,20.27
131,sept-iles,20,CA,1562789372,33,50.2,-66.38,71.6,10.29
132,coihaique,75,CL,1562789372,100,-45.58,-72.07,48.2,3.36
133,vredendal,0,ZA,1562789373,66,-31.68,18.49,63.34,3.62
134,bambous virieux,40,MU,1562789373,83,-20.34,57.76,71.6,3.36
135,cabo san lucas,5,MX,1562789236,45,22.89,-109.91,97.0,12.75
136,verkhnevilyuysk,95,RU,1562789373,71,63.45,120.31,67.65,2.84
137,yulara,97,AU,1562789374,42,-25.24,130.99,46.4,6.93
138,tenenkou,3,ML,1562789374,44,14.46,-4.91,88.17,5.08
139,fez,0,MA,1562789375,53,34.03,-5.02,77.0,11.41
140,vila franca do campo,20,PT,1562789375,73,37.72,-25.43,73.4,8.05
141,egvekinot,0,RU,1562789376,28,66.32,-179.17,74.32,0.72
142,santa helena de goias,0,BR,1562789376,45,-17.81,-50.6,68.2,3.42
143,henties bay,0,NA,1562789376,93,-22.12,14.28,55.99,4.0
144,yaan,100,NG,1562789377,90,7.38,8.57,73.05,5.64
145,rio gallegos,90,AR,1562789377,100,-51.62,-69.22,37.4,3.36
146,constitucion,20,MX,1562789377,41,23.99,-104.67,80.01,8.05
147,kavaratti,100,IN,1562789378,78,10.57,72.64,83.67,16.98
148,aasiaat,27,GL,1562789378,92,68.71,-52.87,41.55,6.13
149,tra vinh,0,VN,1562789379,92,9.93,106.35,76.3,4.45
150,lianzhou,84,CN,1562789379,94,24.79,112.38,68.2,1.21
151,barrow,83,AR,1562789379,66,-38.31,-60.23,52.9,1.88
152,tabuk,97,PH,1562789380,92,17.41,121.44,62.97,1.52
153,tecoanapa,75,MX,1562789380,74,16.99,-99.26,86.0,9.17
154,antsohihy,13,MG,1562789380,81,-14.88,47.99,75.57,1.9
155,rio grande,0,BR,1562789123,67,-32.03,-52.1,62.6,3.36
156,ponta do sol,0,BR,1562789381,56,-20.63,-46.0,58.65,0.65
157,souillac,0,FR,1562789381,36,45.6,-0.6,80.6,3.36
158,longyearbyen,75,NO,1562789145,81,78.22,15.63,48.2,5.82
159,taltal,0,CL,1562789382,75,-25.41,-70.49,58.12,2.95
160,brus laguna,81,HN,1562789382,80,15.75,-84.48,82.95,14.36
161,bilibino,7,RU,1562789383,35,68.06,166.44,73.95,1.66
162,kahului,20,US,1562789174,55,20.89,-156.47,87.8,14.99
163,puerto ayora,75,EC,1562789383,57,-0.74,-90.35,80.6,20.8
164,port hardy,90,CA,1562789384,88,50.7,-127.42,62.6,8.05
165,madona,62,LV,1562789384,98,56.85,26.22,51.1,4.85
166,hamilton,75,CA,1562789360,58,43.26,-79.87,88.0,3.36
167,narasannapeta,100,IN,1562789385,80,18.42,84.04,81.87,11.18
168,necochea,74,AR,1562789385,83,-38.55,-58.74,55.99,3.83
169,liberal,40,US,1562789385,62,37.04,-100.92,89.6,12.75
170,chilliwack,90,CA,1562789385,77,49.17,-121.95,71.01,4.7
171,tautira,20,PF,1562789386,74,-17.73,-149.15,80.6,12.75
172,rocha,86,UY,1562789386,77,-34.48,-54.34,54.34,4.14
173,mar del plata,94,AR,1562789390,76,-46.43,-67.52,45.7,8.19
174,soyo,77,AO,1562789390,83,-6.13,12.37,74.5,8.32
175,forbes,100,AU,1562789390,72,-33.38,148.01,50.0,7.34
176,bridgeton,75,US,1562789391,59,38.77,-90.41,93.99,14.99
177,le port,18,FR,1562789391,62,42.87,1.37,78.01,1.01
178,kanor,100,IN,1562789392,75,24.43,74.26,79.72,14.94
179,tayzhina,15,RU,1562789393,90,53.67,87.44,53.07,2.89
180,todos santos,5,MX,1562789393,33,23.45,-110.23,97.0,13.87
181,komsomolskiy,100,RU,1562789393,75,67.55,63.78,53.44,14.72
182,chapais,20,CA,1562789394,47,49.78,-74.86,75.2,10.29
183,provideniya,0,RU,1562789394,49,64.42,-173.23,71.6,11.18
184,dunedin,43,NZ,1562789290,73,-45.87,170.5,48.99,4.0
185,clyde river,20,CA,1562789395,51,70.47,-68.59,60.8,18.34
186,pauini,68,BR,1562789395,48,-7.71,-67.0,88.0,1.79
187,sisophon,100,KH,1562789395,95,13.59,102.97,73.77,2.01
188,awbari,0,LY,1562789396,9,26.59,12.77,87.1,4.03
189,barda,34,RU,1562789396,94,56.93,55.59,54.7,6.96
190,conceicao do araguaia,73,BR,1562789397,41,-8.26,-49.26,84.57,3.71
191,inhambane,0,MZ,1562789397,93,-23.87,35.38,60.8,3.06
192,cervo,0,BR,1562789398,40,-22.19,-46.24,68.0,0.98
193,wenatchee,75,US,1562789227,44,47.42,-120.31,80.01,10.29
194,yar-sale,100,RU,1562789398,52,66.83,70.83,55.24,16.64
195,buchmany,74,UA,1562789399,96,51.07,28.04,52.35,9.86
196,vernon,40,CA,1562789399,47,50.27,-119.27,78.01,2.24
197,moose factory,1,CA,1562789399,54,51.26,-80.61,82.4,10.29
198,broome,0,GB,1562789400,64,52.47,1.45,71.6,4.7
199,half moon bay,90,US,1562789400,82,37.46,-122.43,75.99,12.75
200,gat,0,SN,1562789400,74,14.69,-16.54,78.8,11.41
201,oktyabrsk,7,RU,1562789400,89,53.16,48.67,53.44,8.52
202,isla vista,0,US,1562789220,39,34.41,-119.86,86.0,6.55
203,kurilsk,4,RU,1562789401,92,45.23,147.88,47.5,4.25
204,beroroha,0,MG,1562789401,73,-21.68,45.17,61.35,4.52
205,kalmunai,100,LK,1562789402,81,7.42,81.82,78.64,1.57
206,coquimbo,0,CL,1562789402,76,-29.95,-71.34,64.0,11.41
207,pontes e lacerda,0,BR,1562789402,32,-15.23,-59.33,84.75,2.93
208,strezhevoy,0,RU,1562789402,72,60.73,77.6,60.8,6.71
209,ulladulla,9,AU,1562789403,38,-35.36,150.48,61.0,33.33
210,jian,100,IN,1562789403,94,25.65,87.89,78.82,11.72
211,grants,1,US,1562789403,8,35.15,-107.85,89.6,6.93
212,luderitz,0,NA,1562789404,45,-26.65,15.16,69.8,5.91
213,tomatlan,0,MX,1562789404,65,19.93,-105.25,85.3,9.46
214,port blair,100,IN,1562789404,79,11.67,92.75,83.32,17.09
215,hami,95,CN,1562789205,22,42.84,93.51,82.6,9.91
216,boulder,1,US,1562789405,24,40.02,-105.27,86.0,6.93
217,shubarkuduk,100,KZ,1562789405,69,49.15,56.49,72.34,1.52
218,omboue,44,GA,1562789405,87,-1.57,9.26,73.42,10.56
219,buchanan,75,LR,1562789406,83,5.88,-10.05,78.8,4.7
220,banda aceh,97,ID,1562789368,75,5.56,95.32,82.77,4.79
221,san jose,1,HN,1562789340,33,14.25,-87.96,91.4,6.93
222,port hedland,98,AU,1562789407,36,-20.31,118.58,64.4,8.05
223,inirida,15,CO,1562789407,91,3.87,-67.92,78.45,3.71
224,colac,100,AU,1562789407,93,-38.34,143.59,46.99,11.99
225,bubaque,100,GW,1562789408,82,11.28,-15.83,80.8,14.56
226,college,90,US,1562789408,59,64.86,-147.8,73.4,5.46
227,te anau,67,NZ,1562789409,81,-45.41,167.72,45.15,0.85
228,papara,20,BR,1562789409,65,-3.98,-38.73,86.0,9.17
229,norman wells,75,CA,1562789409,42,65.28,-126.83,68.0,6.93
230,chapleau,75,CA,1562789410,65,47.85,-83.4,77.0,11.41
231,havelock,75,US,1562789370,62,34.88,-76.9,89.6,10.29
232,challans,0,FR,1562789363,41,46.85,-1.88,75.2,4.7
233,luangwa,0,MZ,1562789410,63,-15.62,30.4,57.94,2.19
234,khandyga,98,RU,1562789410,91,62.65,135.58,66.57,5.48
235,jumla,92,NP,1562789411,99,29.28,82.18,56.5,2.21
236,loandjili,20,CG,1562789411,94,-4.77,11.87,75.2,6.93
237,iskateley,100,RU,1562789411,93,67.68,53.15,40.12,22.08
238,bayangol,98,MN,1562789411,64,48.91,106.09,62.44,3.96
239,beloha,0,MG,1562789412,94,-25.17,45.06,62.07,2.95
240,pacific grove,1,US,1562789394,50,36.62,-121.92,84.99,9.17
241,sambava,21,MG,1562789412,97,-14.27,50.17,65.5,1.88
242,murdochville,0,CA,1562789248,41,48.96,-65.49,61.72,7.67
243,bongandanga,100,CD,1562789413,96,1.51,21.07,71.25,2.64
244,tuktoyaktuk,75,CA,1562789414,87,69.44,-133.03,51.8,13.87
245,alcazar de san juan,0,ES,1562789414,20,39.39,-3.21,87.8,4.7
246,fairmont,1,US,1562789414,53,40.64,-97.59,84.0,17.22
247,esso,93,RU,1562789415,77,55.93,158.7,53.97,7.52
248,nanortalik,79,GL,1562789415,86,60.14,-45.24,42.1,5.99
249,esmeraldas,0,BR,1562789415,37,-19.76,-44.31,71.6,3.36
250,batagay,96,RU,1562789415,77,67.65,134.64,67.65,1.72
251,caravelas,51,BR,1562789416,73,-17.73,-39.27,71.07,10.47
252,georgetown,20,GY,1562789416,78,6.8,-58.16,84.2,11.41
253,maturin,0,VE,1562789225,59,9.75,-63.18,81.34,7.34
254,solwezi,0,ZM,1562789417,39,-12.18,26.4,56.14,5.86
255,kota kinabalu,75,MY,1562789417,88,5.98,116.07,77.0,5.82
256,talnakh,0,RU,1562789417,75,69.49,88.39,44.6,17.9
257,puerto baquerizo moreno,75,EC,1562789201,69,-0.9,-89.6,75.2,17.22
258,tottori,100,JP,1562789421,87,35.5,134.23,71.25,14.45
259,batemans bay,100,AU,1562789421,92,-35.71,150.18,59.0,8.99
260,dingle,5,PH,1562789422,86,11.0,122.67,74.14,2.53
261,rohru,19,IN,1562789422,85,31.2,77.75,61.17,1.97
262,salalah,90,OM,1562789422,88,17.01,54.1,82.4,6.93
263,hailar,16,CN,1562789423,85,49.2,119.7,61.9,0.47
264,flinders,2,AU,1562789423,38,-34.58,150.85,61.0,33.33
265,skjervoy,75,NO,1562789423,81,70.03,20.97,51.8,2.24
266,morondava,0,MG,1562789424,68,-20.3,44.28,73.95,20.11
267,clyde,100,NZ,1562789424,85,-45.19,169.32,39.0,2.17
268,camacha,75,PT,1562789424,73,33.08,-16.33,71.6,14.99
269,owando,100,CG,1562789425,93,-0.49,15.91,72.34,4.14
270,atar,57,MR,1562789425,9,20.52,-13.05,98.07,14.67
271,pangai,75,TO,1562789425,94,-19.8,-174.35,75.2,8.05
272,kingsport,20,US,1562789373,49,36.55,-82.56,90.0,6.35
273,porto novo,0,BR,1562789426,40,-23.68,-45.44,71.6,2.24
274,cockburn town,100,TC,1562789426,83,21.46,-71.14,82.05,19.13
275,srednekolymsk,93,RU,1562789426,30,67.46,153.71,78.1,6.53
276,paris,0,FR,1562789290,41,48.86,2.35,78.01,4.7
277,kopanskaya,57,RU,1562789427,57,46.28,38.48,67.47,5.93
278,hernani,0,ES,1562789427,83,43.27,-1.98,70.0,4.7
279,sitka,7,US,1562789428,63,37.17,-99.65,87.01,12.77
280,canete,0,IT,1562789431,43,46.33,9.49,78.8,6.93
281,kaili,96,ID,1562789431,96,-3.46,120.21,58.3,3.18
282,nizwa,19,OM,1562789432,34,22.93,57.53,79.72,0.56
283,hovd,0,NO,1562789432,77,63.83,10.7,59.0,10.29
284,saint george,75,GR,1562789432,78,39.45,22.34,80.6,13.87
285,namibe,100,AO,1562789433,81,-15.19,12.15,67.3,6.49
286,suntar,100,RU,1562789433,68,62.16,117.65,65.85,1.63
287,coahuayana,17,MX,1562789377,55,18.62,-100.35,89.8,2.26
288,hosingen,0,LU,1562789433,46,50.01,6.09,71.6,4.7
289,baijiantan,0,CN,1562789434,46,45.63,85.18,68.37,16.22
290,los andes,100,CL,1562789435,62,-32.83,-70.6,57.99,3.36
291,nueva helvecia,75,UY,1562789435,72,-34.28,-57.23,61.0,3.36
292,zhanaozen,0,KZ,1562789435,55,43.35,52.85,79.9,2.37
293,tiruchchendur,100,IN,1562789436,69,8.48,78.12,81.34,7.49
294,poum,90,MK,1562789436,87,41.28,20.71,60.8,2.24
295,tchamba,30,TG,1562789436,93,9.03,1.42,71.25,2.28
296,ewa beach,40,US,1562789310,58,21.32,-158.01,88.0,13.87
297,kudahuvadhoo,100,MV,1562789437,75,2.67,72.89,83.85,9.04
298,lyuban,98,BY,1562789437,96,52.8,28.0,51.45,6.67
299,south shields,40,GB,1562789437,82,55.0,-1.43,66.99,8.05
300,mareeba,90,AU,1562789438,83,-16.99,145.42,69.8,8.05
301,wuxue,26,CN,1562789438,91,29.85,115.56,68.92,4.32
302,makakilo city,1,US,1562789293,69,21.35,-158.09,88.0,9.17
303,kanashevo,20,RU,1562789439,93,55.21,62.07,63.0,4.47
304,isla mujeres,40,MX,1562789439,55,21.23,-86.73,91.0,16.11
305,killybegs,75,IE,1562789439,93,54.63,-8.45,64.4,8.05
306,balaghat,100,IN,1562789440,86,21.81,80.19,77.37,5.1
307,ati,58,TD,1562789440,42,13.21,18.34,91.24,16.71
308,qandala,0,SO,1562789440,51,11.47,49.87,91.95,18.75
309,rzhev,98,RU,1562789441,96,56.26,34.33,50.2,3.69
310,qeshm,20,IR,1562789233,79,26.96,56.27,91.4,4.7
311,tuatapere,100,NZ,1562789441,95,-46.13,167.69,44.01,1.01
312,tutoia,20,BR,1562789441,59,-2.76,-42.27,89.6,11.41
313,chabua,100,IN,1562789442,99,27.49,95.17,73.77,4.94
314,iqaluit,40,CA,1562789442,67,63.75,-68.52,57.2,6.93
315,ketchikan,1,US,1562789442,72,55.34,-131.65,69.8,12.75
316,batticaloa,100,LK,1562789443,81,7.71,81.69,78.64,1.57
317,baculin,26,PH,1562789443,88,7.45,126.58,70.72,4.99
318,basco,1,US,1562789443,43,40.33,-91.2,93.0,9.17
319,kokoda,100,PG,1562789444,91,-8.88,147.74,56.67,0.98
320,hobyo,67,SO,1562789389,78,5.35,48.53,78.27,26.75
321,hunedoara,0,RO,1562789445,91,45.76,22.91,49.84,0.83
322,taseyevo,66,RU,1562789445,97,57.22,94.9,55.24,6.76
323,kaka,0,TM,1562789446,18,37.35,59.62,90.15,16.73
324,grindavik,90,IS,1562789446,81,63.84,-22.43,55.4,4.7
325,prainha,23,BR,1562789447,89,-1.8,-53.48,79.0,3.29
326,puerto escondido,75,MX,1562789447,74,15.86,-97.07,84.2,17.22
327,erzin,40,TR,1562789448,78,36.95,36.2,81.0,8.05
328,saint-philippe,1,CA,1562789448,38,45.36,-73.48,90.0,6.31
329,alamosa,1,US,1562789448,19,37.47,-105.87,79.0,9.17
330,namatanai,100,PG,1562789449,81,-3.66,152.44,78.82,12.97
331,el rincon,20,CO,1562789449,55,10.27,-73.13,91.4,6.93
332,garowe,7,SO,1562789450,50,8.41,48.48,82.95,25.77
333,filadelfia,0,PY,1562789450,34,-22.35,-60.04,84.75,8.93
334,gamba,100,CN,1562789450,72,28.28,88.52,43.72,4.61
335,kalabo,0,ZM,1562789451,17,-15.0,22.67,57.4,5.84
336,tilichiki,0,RU,1562789451,61,60.47,166.1,62.8,1.32
337,mbigou,98,GA,1562789451,87,-1.9,11.91,70.0,4.07
338,bud,20,NO,1562789451,87,62.91,6.91,57.2,4.7
339,villa carlos paz,0,AR,1562789452,40,-31.42,-64.5,71.6,6.93
340,belozerskoye,100,RU,1562789452,86,55.82,65.58,63.52,11.23
341,bilma,0,NE,1562789160,9,18.69,12.92,97.0,9.46
342,whitefish,20,US,1562789452,41,48.41,-114.33,82.0,9.17
343,marsa matruh,40,EG,1562789453,88,31.35,27.25,80.6,6.93
344,mayo,75,CA,1562789453,31,63.59,-135.9,73.4,3.36
345,nha trang,20,VN,1562789454,70,12.24,109.19,86.0,4.7
346,norwich,0,GB,1562789167,64,52.63,1.29,71.6,4.7
347,senanga,0,ZM,1562789454,22,-16.1,23.3,54.87,4.65
348,sorong,100,ID,1562789455,97,-0.86,131.25,72.7,6.93
349,the pas,1,CA,1562789455,37,53.82,-101.24,68.0,5.82
350,dongsheng,50,CN,1562789455,76,29.72,112.52,71.25,1.79
351,los llanos de aridane,20,ES,1562789456,78,28.66,-17.92,71.6,19.46
352,faya,20,SA,1562789456,56,18.39,42.45,77.0,8.05
353,marawi,78,PH,1562789456,94,8.0,124.29,73.0,4.0
354,bima,98,ID,1562789457,96,-8.45,118.73,64.24,2.28
355,zaysan,0,KZ,1562789457,65,47.47,84.87,56.14,9.8
356,terney,100,RU,1562789457,92,45.05,136.61,54.15,0.92
357,salta,0,AR,1562789457,33,-24.79,-65.41,75.2,9.17
358,guerrero negro,0,MX,1562789458,79,27.97,-114.04,67.47,15.59
359,megion,0,RU,1562789458,72,61.04,76.11,60.8,6.71
360,torbay,90,CA,1562789459,93,47.66,-52.73,52.0,8.05
361,mongu,0,ZM,1562789459,19,-15.27,23.14,54.15,4.7
362,lastoursville,100,GA,1562789459,92,-0.81,12.73,71.8,2.98
363,zhezkazgan,59,KZ,1562789460,28,47.8,67.71,75.04,10.63
364,saint-pierre,0,FR,1562789460,40,48.95,4.24,75.2,3.36
365,hervey bay,90,AU,1562789460,87,-25.3,152.85,63.0,5.82
366,kaoma,0,ZM,1562789461,29,-14.8,24.8,54.52,5.21
367,chukhloma,85,RU,1562789461,96,58.76,42.68,44.62,5.5
368,takoradi,92,GH,1562789433,89,4.89,-1.75,73.77,4.59
369,shingu,100,JP,1562789461,97,33.72,135.99,65.85,9.31
370,saldanha,0,PT,1562789462,38,41.42,-6.55,76.65,3.83
371,dukat,100,AL,1562789462,91,40.25,19.57,80.01,3.0
372,comodoro rivadavia,40,AR,1562789463,93,-45.87,-67.48,44.6,2.24
373,mazamari,21,PE,1562789463,87,-11.33,-74.53,45.7,5.7
374,sola,100,TZ,1562789463,49,-3.17,33.8,73.05,4.65
375,palauig,33,PH,1562789464,77,15.44,119.9,83.67,9.93
376,alexander city,1,US,1562789464,62,32.94,-85.95,95.0,8.05
377,fairbanks,90,US,1562789280,59,64.84,-147.72,69.8,5.46
378,morlaix,40,FR,1562789464,68,48.58,-3.83,66.2,3.36
379,puerto plata,40,DO,1562789465,59,19.79,-70.69,93.2,23.04
380,dwarahat,69,IN,1562789409,94,29.78,79.43,64.95,1.88
381,prince rupert,20,CA,1562789465,77,54.32,-130.32,62.6,3.36
382,leon valley,1,US,1562789466,41,29.5,-98.62,99.0,8.52
383,narsaq,20,GL,1562789466,41,60.91,-46.05,60.8,11.41
384,marietta,90,US,1562789429,52,33.95,-84.55,93.99,5.82
385,nuuk,75,GL,1562789276,87,64.17,-51.74,44.6,13.87
386,cerritos,1,US,1562789467,42,33.86,-118.05,89.01,6.93
387,nyrob,54,RU,1562789468,97,60.74,56.73,54.52,7.72
388,yamethin,100,MM,1562789468,89,20.43,96.14,75.04,16.64
389,surt,0,LY,1562789468,67,31.21,16.59,82.6,13.94
390,mana,92,NG,1562789468,43,13.03,5.27,89.07,8.46
391,tubuala,75,PA,1562789469,83,9.52,-79.03,78.8,16.11
392,koslan,100,RU,1562789469,96,63.46,48.9,44.8,12.12
393,zeya,0,RU,1562789469,69,53.74,127.27,63.7,2.86
394,rauma,0,FI,1562789389,63,61.13,21.5,60.8,4.7
395,casablanca,0,MA,1562789211,68,33.6,-7.62,73.4,11.41
396,sabang,38,PH,1562789471,97,13.8,121.11,73.42,0.98
397,sur,100,OM,1562789471,57,22.57,59.53,85.84,8.84
398,lakes entrance,39,AU,1562789471,79,-37.88,147.99,48.0,16.89
399,ostrovnoy,100,RU,1562789472,94,68.05,39.51,38.32,19.69
400,sao joao da barra,20,BR,1562789472,56,-21.64,-41.05,73.4,13.87
401,calama,0,CL,1562789472,7,-22.46,-68.93,77.0,17.22
402,muyezerskiy,100,RU,1562789473,80,63.93,31.65,43.72,4.72
403,olinda,40,AU,1562789473,65,-37.84,145.39,50.0,17.22
404,venice,1,US,1562789473,62,27.1,-82.45,91.0,12.75
405,xining,100,CN,1562789473,83,36.62,101.77,47.67,5.59
406,palmer,75,AU,1562789474,87,-34.85,139.16,55.0,18.34
407,laiyang,40,CN,1562789474,96,36.98,120.7,66.04,3.74
408,phuket,20,TH,1562789474,88,7.89,98.4,77.0,2.24
409,along,100,IN,1562789475,98,28.17,94.8,59.02,1.28
410,nizhniy kuranakh,6,RU,1562789475,93,58.84,125.49,61.35,2.01
411,usinsk,100,RU,1562789475,95,66.0,57.56,54.15,10.36
412,ternate,75,PH,1562789476,83,14.29,120.72,82.0,6.93
413,lingao,100,CN,1562789476,71,19.91,109.69,86.2,22.46
414,sucua,40,EC,1562789476,54,-2.46,-78.17,78.8,3.36
415,marquette,40,US,1562789202,33,46.54,-87.4,87.8,14.99
416,dzilam gonzalez,66,MX,1562789477,84,21.28,-88.93,81.87,16.06
417,banjar,45,ID,1562789477,97,-7.37,108.54,66.57,0.51
418,nantucket,1,US,1562789477,37,41.28,-70.1,87.8,11.41
419,tawau,75,MY,1562789478,88,4.26,117.89,77.0,3.36
420,grand gaube,40,MU,1562789478,83,-20.01,57.66,71.6,3.36
421,palana,0,RU,1562789478,76,59.08,159.95,53.97,8.7
422,gasa,100,BT,1562789479,95,27.91,89.73,41.2,5.32
423,lompoc,22,US,1562789479,39,34.64,-120.46,82.4,16.87
424,sevierville,1,US,1562789435,52,35.87,-83.56,95.0,6.93
425,hambantota,100,LK,1562789483,81,6.12,81.12,81.87,11.77
426,sikasso,100,ML,1562789483,73,11.32,-5.68,76.12,3.56
427,kayes,100,ML,1562789484,47,14.44,-11.44,91.95,7.0
428,ambon,0,FR,1562789484,52,47.55,-2.56,73.99,4.7
429,potiskum,75,NG,1562789484,62,11.71,11.08,79.9,2.71
430,cidreira,100,BR,1562789485,80,-30.17,-50.22,55.77,3.67
431,matagami,100,NG,1562789485,93,9.67,8.4,70.0,3.11
432,sampit,65,ID,1562789486,99,-2.54,112.95,71.97,2.33
433,pizarro,100,CO,1562789486,79,4.95,-77.37,80.62,9.62
434,chumikan,42,RU,1562789486,94,54.72,135.31,50.55,2.62
435,vardo,75,US,1562789487,55,39.62,-77.74,90.0,9.17
436,victoria,75,BN,1562789328,88,5.28,115.24,78.8,3.85
437,puerto leguizamo,19,CO,1562789487,60,-0.19,-74.78,84.04,3.56
438,kaukauna,40,US,1562789488,33,44.28,-88.27,91.0,14.99
439,williams lake,90,CA,1562789491,77,52.13,-122.14,60.8,4.7
440,begunitsy,40,RU,1562789491,66,59.58,29.3,55.4,11.18
441,haines junction,56,CA,1562789492,30,60.75,-137.51,71.8,0.49
442,dumas,75,IN,1562789492,79,21.09,72.71,86.0,8.05
443,kampong thum,100,KH,1562789492,77,12.71,104.89,79.72,3.56
444,devonport,100,AU,1562789493,81,-41.18,146.36,48.0,1.99
445,christchurch,100,NZ,1562789401,61,-43.53,172.64,53.01,1.12
446,bahia blanca,96,AR,1562789197,67,-38.72,-62.27,51.64,5.3
447,eyl,63,SO,1562789494,69,7.98,49.82,78.1,27.38
448,parati,0,BR,1562789494,30,-20.51,-54.63,84.2,9.17
449,manta,43,RO,1562789495,73,45.1,24.1,51.64,2.46
450,carire,56,BR,1562789379,64,-3.95,-40.47,78.82,3.44
451,altay,100,CN,1562789495,86,47.83,88.13,51.64,4.85
452,ogulin,0,HR,1562789496,43,45.27,15.22,69.8,3.36
453,gold coast,0,AU,1562789496,100,-28.0,153.41,50.0,1.61
454,pozo colorado,3,PY,1562789497,54,-23.49,-58.8,76.65,5.28
455,bathsheba,75,BB,1562789497,66,13.22,-59.52,87.8,19.46
456,fond du lac,40,US,1562789497,51,43.77,-88.45,91.0,16.11
457,hearst,81,CA,1562789497,64,49.69,-83.67,78.1,9.13
458,ajdabiya,0,LY,1562789498,69,30.75,20.22,81.15,14.07
459,tahlequah,1,US,1562789498,94,35.92,-94.97,78.8,10.29
460,tokur,100,RU,1562789498,93,53.13,132.9,61.9,1.86
461,bindi,76,NG,1562789499,44,12.86,8.84,85.12,4.99
462,beringovskiy,0,RU,1562789499,47,63.05,179.32,65.32,5.32
463,tiarei,20,PF,1562789499,74,-17.53,-149.33,80.6,12.75
464,bafilo,0,TG,1562789500,87,9.35,1.24,73.24,3.02
465,boma,75,GH,1562789500,96,7.08,-2.17,71.44,2.57
466,solnechnyy,100,RU,1562789500,93,50.72,136.64,68.02,0.58
467,xuddur,7,SO,1562789500,73,4.12,43.89,76.12,18.84
468,huejuquilla el alto,29,MX,1562789501,27,22.63,-103.9,86.55,2.1
469,san francisco del mar,100,MX,1562789501,52,16.34,-94.51,89.62,9.24
470,sol-iletsk,0,RU,1562789501,61,51.16,55.0,62.44,4.12
471,sibolga,97,ID,1562789501,78,1.74,98.78,82.24,7.99
472,yurginskoye,100,RU,1562789502,89,56.82,67.39,62.62,10.13
473,ogdensburg,1,US,1562789232,42,44.69,-75.49,87.01,8.05
474,vangazi,0,UZ,1562789502,29,40.03,64.76,82.4,11.77
475,teguise,40,ES,1562789503,69,29.06,-13.56,73.4,18.34
476,casillas,70,GT,1562789503,90,14.42,-90.24,71.25,1.43
477,dancheng,46,CN,1562789503,68,33.63,115.18,72.87,3.69
478,nelson bay,0,AU,1562789504,87,-32.72,152.14,55.0,3.36
479,zell am see,0,AT,1562789504,63,47.32,12.8,60.8,3.36
480,pontianak,80,ID,1562789504,85,-0.02,109.34,80.62,5.97
481,abu samrah,0,SY,1562789504,48,35.3,37.18,76.12,7.74
482,boditi,100,ET,1562789505,91,6.95,37.86,64.6,0.69
483,axim,100,GH,1562789505,88,4.87,-2.24,75.57,9.13
484,watertown,75,US,1562789360,69,44.9,-97.12,75.2,24.16
485,isangel,40,VU,1562789505,88,-19.55,169.27,68.0,14.12
486,sakaiminato,75,JP,1562789506,83,35.55,133.23,73.4,4.7
487,koulikoro,20,ML,1562789506,78,12.86,-7.56,82.4,1.12
488,scarborough,100,GB,1562789323,72,54.28,-0.41,69.01,5.82
489,puerto madero,0,AR,1562789507,67,-34.61,-58.36,62.01,3.36
490,bunbury,40,GB,1562789507,72,53.12,-2.65,66.0,10.29
491,vydrino,0,RU,1562789508,40,51.46,104.64,55.0,2.59
492,wasilla,90,US,1562789508,82,61.58,-149.44,63.0,6.93
493,lucea,40,JM,1562789508,83,18.44,-78.17,84.0,2.24
494,kawalu,35,ID,1562789509,95,-7.38,108.21,64.6,3.76
495,marzuq,64,YE,1562789509,31,14.4,46.47,77.2,4.97
496,chase,1,US,1562789509,48,38.35,-98.35,91.0,10.29
497,sulecin,0,PL,1562789510,59,52.44,15.12,64.4,8.05
498,kyshtovka,83,RU,1562789510,90,56.56,76.62,57.75,4.47
499,vanderhoof,100,CA,1562789510,74,54.02,-124.02,61.0,3.67
500,katsuura,75,JP,1562789511,88,33.93,134.5,73.4,21.92
501,yamada,75,JP,1562789511,88,36.58,137.08,75.99,3.36
502,swan hill,0,AU,1562789511,87,-35.34,143.56,44.07,13.69
503,capaccio,0,IT,1562789511,39,40.42,15.08,75.0,8.01
504,mangai,69,CD,1562789512,45,-4.07,19.59,79.35,3.06
505,nome,1,US,1562789379,70,30.04,-94.42,93.99,4.09
506,yalvac,0,TR,1562789512,72,38.3,31.18,61.54,3.6
507,bosaso,0,SO,1562789513,58,11.28,49.18,91.05,6.02
508,planaltina,0,BR,1562789513,23,-15.62,-47.66,77.0,6.93
509,husavik,0,CA,1562789513,34,50.56,-96.99,79.0,8.01
510,valday,71,RU,1562789513,92,57.98,33.25,46.95,4.9
511,taoudenni,5,ML,1562789517,20,22.68,-3.98,101.32,16.82
512,rumoi,9,JP,1562789517,87,43.93,141.67,61.54,6.64
513,fortuna,0,ES,1562789517,73,38.18,-1.13,79.0,4.7
514,paamiut,100,GL,1562789518,93,61.99,-49.67,43.0,3.56
515,shitanjing,0,CN,1562789518,35,39.23,106.34,74.14,7.16
516,kargil,90,PK,1562789518,65,34.56,76.13,52.54,7.78
517,dwarka,40,IN,1562789519,49,28.58,77.04,93.99,6.93
518,makhinjauri,0,GE,1562789519,88,41.67,41.69,69.8,6.93
519,mweka,47,CD,1562789520,55,-4.85,21.56,75.22,2.46
520,patitirion,20,GR,1562789520,78,39.15,23.87,78.8,16.11
521,moyale,55,ET,1562789520,70,3.52,39.05,71.62,8.21
522,koumac,0,NC,1562789520,63,-20.56,164.28,69.82,6.49
523,idrinskoye,40,RU,1562789521,92,54.37,92.14,54.34,4.5
524,sao joao de pirabas,23,BR,1562789521,96,-0.77,-47.18,75.94,2.82
525,simpang,100,ID,1562789521,94,4.36,96.17,73.42,2.73
526,whitehorse,75,CA,1562789522,52,60.72,-135.06,66.99,2.24
527,gueret,0,FR,1562789522,46,46.17,1.87,73.4,5.82
528,kloulklubed,75,PW,1562789522,94,7.04,134.26,75.2,3.65
529,ringe,100,NL,1562789523,87,52.6,6.92,61.0,6.06
530,oranjemund,0,ZA,1562789523,46,-28.55,16.43,64.6,9.93
531,bandar,100,BD,1562789523,80,22.29,91.78,84.57,24.16
532,kamloops,90,CA,1562789293,31,50.68,-120.34,78.8,16.11
533,zhigansk,34,RU,1562789524,56,66.77,123.37,70.0,5.26
534,sawakin,0,SD,1562789524,28,19.1,37.33,86.92,1.43
535,sibulan,64,PH,1562789527,88,9.36,123.28,72.34,1.52
536,krasnyy chikoy,78,RU,1562789526,60,50.36,108.75,62.44,4.14
537,ende,38,ID,1562789528,76,-8.84,121.65,75.04,6.02
538,la sarre,77,CA,1562789529,46,48.8,-79.2,74.5,8.72
539,nadvoitsy,100,RU,1562789529,77,63.89,34.27,43.72,7.78
540,media luna,0,BO,1562789529,17,-21.67,-64.63,86.0,9.17
541,roros,4,NO,1562789530,51,62.57,11.38,59.0,4.7
542,fraserburgh,75,GB,1562789531,100,57.69,-2.02,63.0,2.24
543,kirakira,100,SB,1562789531,85,-10.46,161.92,78.82,6.24
544,galle,100,GN,1562789532,97,10.08,-12.83,70.9,3.62
545,byron bay,0,AU,1562789532,100,-28.65,153.62,55.0,3.22
546,turukhansk,0,RU,1562789533,77,65.8,87.96,45.87,10.33
547,karaman,21,TR,1562789533,43,37.18,33.22,71.44,4.59
548,storforshei,0,NO,1562789533,67,66.4,14.52,59.0,5.82
549,pacifica,90,US,1562789426,82,37.61,-122.49,75.0,12.75
550,zuwarah,0,LY,1562789350,55,32.93,12.08,85.12,14.88
551,padang,67,ID,1562789534,77,-0.92,100.36,82.42,4.43
552,okha,100,RU,1562789535,92,53.59,142.95,52.9,11.7
553,aksarka,100,RU,1562789535,91,66.56,67.8,55.95,16.89
554,san roque,40,CO,1562789536,46,6.49,-75.02,80.6,11.41
555,yeppoon,75,AU,1562789536,88,-23.13,150.74,64.4,1.12
556,aklavik,75,CA,1562789536,71,68.22,-135.01,57.2,17.22
557,copiapo,0,CL,1562789536,59,-27.37,-70.33,60.8,9.17
558,koutiala,2,ML,1562789537,70,12.39,-5.46,79.9,10.25
559,paramonga,29,PE,1562789537,83,-10.68,-77.82,62.62,7.87
560,jodhpur,33,IN,1562789537,63,26.3,73.04,86.02,26.66
561,walvis bay,0,NA,1562789538,88,-22.95,14.51,64.4,5.82
562,la ronge,75,CA,1562789538,40,55.1,-105.3,68.0,8.05
563,yzeure,0,FR,1562789538,35,46.57,3.36,73.4,3.36
564,pangkalanbuun,87,ID,1562789505,99,-2.68,111.62,71.8,2.44
565,porto walter,63,BR,1562789539,47,-8.27,-72.74,87.27,1.14
566,williston,40,US,1562789345,60,48.15,-103.62,75.99,4.7
567,tual,91,ID,1562789539,79,-5.67,132.75,77.55,20.04
568,phaltan,100,IN,1562789540,89,17.99,74.43,71.62,4.68
569,mehriz,40,IR,1562789540,14,31.58,54.44,96.8,4.7
570,erenhot,0,CN,1562789540,48,43.65,111.97,71.07,6.31
571,yabelo,100,ET,1562789540,71,4.89,38.09,65.67,5.7
572,derzhavinsk,39,KZ,1562789541,37,51.1,66.31,69.1,13.02
573,demba,100,CD,1562789541,43,-5.47,22.27,77.55,0.58
574,san cristobal,30,HN,1562789541,37,14.68,-86.92,86.02,9.13
575,quchan,36,IR,1562789541,24,37.11,58.51,71.44,8.75
576,chimbarongo,100,CL,1562789542,81,-34.71,-71.04,57.2,2.24
577,avera,75,US,1562789538,62,33.19,-82.53,91.4,8.05
578,kirando,87,TZ,1562789542,62,-7.37,30.62,78.64,7.65
579,san carlos de bariloche,40,AR,1562789337,81,-41.13,-71.31,44.6,6.93
580,maralal,10,KE,1562789543,77,1.1,36.7,63.52,10.09
581,luba,99,PH,1562789544,91,17.32,120.7,73.95,3.78
582,menzelinsk,0,RU,1562789544,77,55.73,53.11,59.0,6.71
583,ust-karsk,0,RU,1562789544,69,52.71,118.82,60.1,1.74
584,riyadh,0,SA,1562789416,9,24.63,46.72,93.2,5.82
585,berlevag,0,NO,1562789545,87,70.86,29.09,42.8,11.41
586,colorado,0,BR,1562789545,73,-22.84,-51.97,63.7,6.91
587,mercedes,96,UY,1562789545,81,-33.25,-58.03,60.01,4.54
588,mantua,0,IT,1562789545,60,45.16,10.79,78.8,4.7
589,emirdag,0,TR,1562789546,72,39.02,31.15,63.34,2.21
590,yatou,75,CM,1562789546,94,3.63,9.81,77.0,7.94
591,redmond,90,US,1562789358,77,47.67,-122.12,70.0,4.7
592,pahrump,1,US,1562789552,6,36.21,-115.98,102.0,4.7
593,caluquembe,53,AO,1562789553,33,-13.78,14.68,51.45,4.03
594,touros,75,BR,1562789553,83,-5.2,-35.46,80.6,10.29
595,traverse city,1,US,1562789483,46,44.76,-85.62,93.99,6.93
596,eunice,40,US,1562789553,66,30.49,-92.42,91.99,3.36
597,novikovo,36,RU,1562789554,94,51.15,37.89,52.17,6.6
598,doha,0,QA,1562789557,37,25.29,51.53,96.8,9.17
599,adrar,0,DZ,1562789557,12,27.87,-0.29,109.4,5.82
600,harper,1,US,1562789558,34,30.3,-99.24,99.0,4.7
601,trelew,53,AR,1562789287,48,-43.25,-65.31,55.42,9.48
602,savannah bight,73,HN,1562789559,79,16.45,-85.85,82.77,21.21
603,havoysund,0,NO,1562789559,66,71.0,24.66,53.6,3.36
604,candido mendes,64,BR,1562789559,95,-1.45,-45.72,75.4,2.98
605,omsukchan,60,RU,1562789560,41,62.53,155.8,64.05,2.64
606,leningradskiy,1,RU,1562789560,66,69.38,178.42,45.34,8.12
607,alyangula,60,AU,1562789560,93,-13.85,136.42,59.0,1.12
608,hede,0,SE,1562789561,45,60.45,15.49,64.4,5.82
609,massaguet,40,TD,1562789561,78,12.48,15.44,78.8,4.7
610,aden,68,YE,1562789393,54,12.79,45.03,90.52,3.33
611,torres,100,BR,1562789378,83,-29.34,-49.73,56.67,2.51
612,fort frances,75,CA,1562789562,78,48.61,-93.4,73.99,10.29
613,kochevo,90,BG,1562789563,93,42.1,24.92,64.4,8.05
614,haverfordwest,100,GB,1562789563,88,51.8,-4.97,64.99,12.75
615,ugoofaaru,100,MV,1562789563,66,5.67,73.0,83.85,4.7
616,visby,0,SE,1562789293,82,57.64,18.3,57.2,3.36
617,sidrolandia,0,BR,1562789564,30,-20.93,-54.96,84.2,9.17
618,the valley,40,AI,1562789564,62,18.22,-63.06,87.8,16.11
619,saanen,0,CH,1562789564,38,46.49,7.26,73.4,5.82
620,nabire,100,ID,1562789565,99,-3.36,135.5,68.02,2.57
621,muhos,90,FI,1562789565,58,64.81,26.0,55.4,8.05
622,ahipara,0,NZ,1562789566,81,-35.17,173.16,59.02,6.35
623,pombas,0,BR,1562789566,37,-15.9,-54.74,79.72,1.83
624,goure,82,NE,1562789566,47,13.98,10.27,86.2,13.04
625,barabai,87,ID,1562789567,98,-2.59,115.38,71.07,0.29
626,griffith,0,AU,1562789567,81,-34.29,146.06,48.2,11.41
627,san luis,34,AR,1562789567,42,-33.3,-66.34,62.25,6.38
628,tchibanga,1,GA,1562789567,95,-2.92,11.0,68.92,2.04
629,sawtell,0,AU,1562789568,76,-30.38,153.1,50.0,6.93
630,minudasht,80,IR,1562789568,69,37.23,55.37,80.6,6.93
631,qostanay,0,KZ,1562789568,29,53.17,63.58,77.0,13.42
632,nyurba,100,RU,1562789569,71,63.29,118.35,66.75,2.19
633,santa lucia,0,IT,1562789569,69,41.98,12.66,80.01,3.36
634,burnie,100,AU,1562789569,90,-41.05,145.91,46.0,3.0
635,yumen,100,CN,1562789570,25,40.29,97.04,74.5,6.44
636,novobelokatay,100,RU,1562789570,95,55.7,58.96,59.37,3.94
637,lagos,20,NG,1562789570,88,6.46,3.39,78.8,6.93
638,ilabaya,0,PE,1562789571,64,-17.42,-70.51,62.25,6.53
639,oster,59,UA,1562789571,82,50.95,30.88,59.0,8.95
640,manjacaze,0,MZ,1562789351,58,-24.71,33.88,62.97,4.05
641,poya,21,NC,1562789571,69,-21.35,165.16,67.65,7.02
642,shimoda,100,JP,1562789572,81,34.7,138.93,66.99,5.01
643,xichang,100,CN,1562789572,99,27.88,102.25,56.5,0.98
644,la palma,16,CO,1562789572,50,5.36,-74.39,85.84,4.05
645,turbat,100,PK,1562789573,74,26.0,63.05,81.87,7.31
646,cap malheureux,40,MU,1562789573,83,-19.98,57.61,71.6,3.36
647,taua,1,BR,1562789574,64,-3.62,-49.62,81.7,2.82
648,alta floresta,20,BR,1562789574,32,-9.87,-56.08,93.2,5.82
649,emerald,90,AU,1562789574,100,-23.53,148.16,60.8,8.05
650,mattru,100,SL,1562789574,95,7.62,-11.83,73.6,2.8
651,ayia galini,0,GR,1562789575,58,35.1,24.68,87.8,5.82
652,ucluelet,90,CA,1562789311,100,48.94,-125.55,64.99,5.82
653,zapolyarnyy,75,RU,1562789575,81,69.43,30.82,42.8,11.41
654,halvad,100,IN,1562789575,64,23.02,71.18,84.75,21.23
655,saint-georges,98,CA,1562789576,46,46.12,-70.67,82.0,3.0
656,wewak,100,PG,1562789576,89,-3.55,143.63,73.77,6.04
657,valley city,1,US,1562789576,64,46.92,-98.0,75.2,26.4
658,sohag,0,EG,1562789577,13,26.55,31.7,91.4,5.82
659,mizdah,0,LY,1562789577,18,31.45,12.98,88.17,12.55
660,itarema,7,BR,1562789578,79,-2.92,-39.92,76.3,6.62
661,bunia,100,CD,1562789578,95,1.56,30.25,64.42,1.41
662,yakeshi,26,CN,1562789579,82,49.28,120.73,59.37,1.74
663,were ilu,100,ET,1562789579,84,10.6,39.43,61.0,1.25
664,namtsy,40,RU,1562789579,93,62.72,129.66,64.4,4.47
665,nhulunbuy,75,AU,1562789579,94,-12.18,136.78,68.0,2.24
666,victor harbor,75,AU,1562789580,87,-35.55,138.62,53.6,18.34
667,texarkana,100,US,1562789580,56,33.44,-94.04,95.0,3.0
668,tura,100,RU,1562789581,88,64.27,100.22,58.12,0.72
669,mangan,100,IN,1562789581,95,27.5,88.54,58.47,5.39
670,cavalcante,0,BR,1562789581,52,-13.79,-47.46,63.34,5.26
671,tisnov,0,CZ,1562789582,51,49.35,16.42,60.8,6.93
672,neuquen,50,AR,1562789290,58,-38.95,-68.06,59.0,2.24
673,molina,100,CL,1562789287,81,-35.11,-71.28,53.6,2.24
674,saryagash,0,KZ,1562789582,44,41.45,69.17,78.8,9.17
675,krasnoborsk,100,RU,1562789583,95,61.56,45.93,45.34,11.1
676,hatillo,40,PR,1562789583,70,18.49,-66.83,89.01,17.22
677,glendive,40,US,1562789583,56,47.11,-104.71,75.2,5.82
678,puerto narino,75,CO,1562789583,78,-3.77,-70.38,82.4,5.82
679,ouesso,100,CG,1562789584,97,1.61,16.05,68.55,2.55
680,kerrville,1,US,1562789587,41,30.05,-99.14,99.0,5.57
681,gornozavodsk,36,RU,1562789590,98,58.37,58.33,56.32,6.85
682,lensk,24,RU,1562789591,84,60.71,114.91,59.74,1.52
683,southbridge,40,US,1562789591,33,42.08,-72.03,91.0,8.05
684,farafangana,0,MG,1562789591,91,-22.82,47.83,61.72,2.44
685,juruti,16,BR,1562789592,88,-2.16,-56.09,80.07,3.02
686,cayenne,57,GF,1562789452,78,4.94,-52.33,78.8,2.24
687,pervomaysk,25,RU,1562789595,97,54.87,43.81,52.17,6.89
688,hammerfest,0,NO,1562789512,66,70.66,23.68,53.6,3.36
689,jambi,6,ID,1562789596,97,-1.6,103.62,71.44,3.38
690,ulaangom,100,MN,1562789596,60,49.98,92.07,61.72,13.65
691,iguape,0,BR,1562789597,90,-24.7,-47.56,60.64,2.42
692,hwange,0,ZW,1562789597,35,-18.35,26.5,54.87,1.39
693,ormara,100,PK,1562789597,74,25.21,64.64,82.95,8.75
694,nishihara,75,JP,1562789598,82,35.74,139.53,68.0,12.75
695,tashtyp,45,RU,1562789598,94,52.8,89.89,48.57,2.33
696,zdvinsk,0,RU,1562789599,87,54.7,78.67,53.44,1.79
697,slawno,0,PL,1562789599,48,52.84,16.56,64.0,4.7
698,bhimunipatnam,100,IN,1562789600,82,17.88,83.43,78.64,5.19
699,shiyan,100,CN,1562789600,95,32.65,110.78,60.82,0.94
700,mokolo,34,CM,1562789600,71,10.74,13.8,78.82,9.06
701,awjilah,0,LY,1562789600,35,29.14,21.3,85.3,13.6
702,ileza,99,RU,1562789601,78,61.05,43.9,45.7,8.99
703,sarakhs,0,TM,1562789601,15,36.54,61.16,84.22,7.99
704,beidao,100,CN,1562789601,78,34.57,105.89,56.14,1.7
705,tiznit,0,MA,1562789601,90,29.7,-9.73,67.3,8.39
706,esna,90,RO,1562789602,82,45.2,27.57,59.0,18.34
707,lahij,93,YE,1562789602,43,13.06,44.88,90.52,7.56
708,yerbogachen,14,RU,1562789526,76,61.28,108.01,60.45,4.85
709,alice springs,0,AU,1562789603,42,-23.7,133.88,48.2,5.82
710,fenyi,33,CN,1562789603,97,27.82,114.69,68.92,1.36
711,tungor,100,RU,1562789604,92,53.39,142.95,52.9,11.7
712,pinawa,0,CA,1562789604,52,50.15,-95.88,75.99,5.01
713,dandong,100,CN,1562789607,93,40.12,124.37,62.8,1.61
714,northam,90,AU,1562789608,93,-31.65,116.67,51.8,2.24
715,pochutla,75,MX,1562789357,74,15.74,-96.47,84.2,17.22
716,erie,40,US,1562789356,65,42.13,-80.09,86.0,10.29
717,pavlovka,32,RU,1562789609,93,52.69,47.13,52.17,8.08
718,tecolutla,97,MX,1562789609,94,17.31,-98.74,65.85,6.31
719,san rafael,5,AR,1562789609,39,-34.61,-68.33,57.22,4.41
720,puri,73,ID,1562789610,87,-7.54,112.45,67.65,4.56
721,gazli,0,UZ,1562789610,12,40.13,63.45,85.3,11.18
722,taksimo,98,RU,1562789611,64,56.36,114.84,60.82,3.29
723,mitsamiouli,20,KM,1562789611,69,-11.38,43.28,78.8,23.04
724,carutapera,78,BR,1562789611,80,-1.2,-46.02,78.82,7.2
725,eydhafushi,100,MV,1562789612,67,5.1,73.07,83.67,5.88
726,pandamatenga,0,BW,1562789612,31,-18.54,25.64,57.04,3.53
727,kutum,100,SD,1562789612,32,14.2,24.66,84.57,12.03
728,suoyarvi,100,RU,1562789612,69,62.08,32.35,44.97,6.91
729,lakatoro,0,VU,1562789613,78,-16.11,167.42,77.37,14.92
730,bara,96,NG,1562789613,77,10.41,10.6,76.84,7.27
731,olga,1,US,1562789613,42,34.11,-118.17,90.0,6.93
732,tari,11,NG,1562789613,51,12.41,4.49,85.65,11.83
733,dunda,5,IN,1562789614,85,30.62,78.32,70.9,3.29
734,champaign,1,US,1562789495,55,40.12,-88.24,95.0,10.29
735,general roca,71,AR,1562789615,58,-39.03,-67.58,59.0,2.24
736,kaeo,8,NZ,1562789615,95,-35.1,173.78,46.99,3.0
737,kurayoshi,75,JP,1562789615,83,35.43,133.83,73.4,4.7
738,bandarbeyla,0,SO,1562789616,71,9.49,50.81,77.74,29.51
739,ust-kut,3,RU,1562789616,80,56.78,105.75,58.84,2.28
740,aswan,0,EG,1562789616,11,24.09,32.9,96.8,6.93
741,mount isa,23,AU,1562789616,44,-20.73,139.49,57.2,4.7
742,regina,40,CA,1562789525,46,50.45,-104.62,79.0,9.17
743,jacksonville,1,US,1562789411,55,30.33,-81.66,93.99,6.93
744,lima,75,PE,1562789617,68,-12.06,-77.04,68.0,4.7
745,starosubkhangulovo,100,RU,1562789617,99,53.1,57.43,57.94,3.13
746,corinto,75,CO,1562789618,38,3.17,-76.26,87.8,3.36
747,hadejia,66,NG,1562789618,39,12.45,10.04,89.62,8.52
748,tommot,22,RU,1562789618,94,58.97,126.27,61.0,2.75
749,biak,97,ID,1562789619,98,-0.91,122.88,61.0,3.6
750,udachnyy,0,RU,1562789619,55,66.42,112.4,62.6,2.24
751,khovu-aksy,94,RU,1562789619,95,51.13,93.72,53.8,6.4
752,cassia,90,US,1562789620,59,28.89,-81.47,96.01,9.17
753,puerto del rosario,20,ES,1562789611,60,28.5,-13.86,75.2,19.46
754,yanam,98,IN,1562789620,83,16.73,82.22,81.34,9.51
755,charleston,75,US,1562789346,88,32.79,-79.94,87.01,8.05
756,mount gambier,75,AU,1562789621,81,-37.83,140.78,50.0,18.34
757,bani walid,0,LY,1562789621,22,31.76,14.0,84.94,5.26
758,fort nelson,20,CA,1562789621,48,58.81,-122.69,66.2,6.93
759,shishou,46,CN,1562789622,79,29.72,112.42,71.62,1.3
760,puerto el triunfo,20,SV,1562789622,59,13.27,-88.55,93.2,6.93
761,mamakan,80,RU,1562789622,69,57.82,114.02,60.45,2.21
762,tekirdag,75,TR,1562789622,94,40.98,27.51,68.0,5.82
763,vanavara,66,RU,1562789623,61,60.35,102.28,58.65,4.21
764,yuksekova,0,TR,1562789623,63,37.57,44.29,64.4,6.93
765,kununurra,66,AU,1562789623,63,-15.77,128.74,60.8,2.24
766,nakhon si thammarat,0,TH,1562789624,95,8.43,99.96,73.77,1.25
767,russell,40,US,1562789624,51,38.9,-98.86,84.2,10.29
768,cabedelo,75,BR,1562789624,74,-6.97,-34.84,80.6,14.99
769,leogane,100,HT,1562789624,63,18.51,-72.63,91.0,1.01
770,lardos,0,GR,1562789625,61,36.09,28.02,82.4,14.99
771,brewster,1,US,1562789625,37,41.76,-70.08,88.0,11.41
772,lodja,79,CD,1562789626,73,-3.52,23.6,72.52,1.61
773,ust-maya,0,RU,1562789626,69,60.42,134.54,66.4,4.14
774,katangli,100,RU,1562789626,84,51.71,143.23,54.15,7.78
775,jieshi,97,CN,1562789627,93,22.82,115.83,81.0,0.72
776,hailey,75,US,1562789627,41,43.52,-114.32,81.0,6.93
777,huarmey,1,PE,1562789628,82,-10.07,-78.15,63.52,8.68
778,songjianghe,100,CN,1562789628,98,42.18,127.48,61.35,1.88
779,chara,75,GR,1562789628,78,39.42,22.43,80.6,13.87
780,pangnirtung,20,CA,1562789629,71,66.15,-65.72,57.2,2.24
781,otjiwarongo,0,NA,1562789629,17,-20.46,16.65,64.4,4.7
782,thabazimbi,0,ZA,1562789629,58,-24.59,27.41,45.0,2.62
783,champerico,40,MX,1562789629,58,16.38,-93.6,87.8,5.82
784,tessalit,84,ML,1562789630,23,20.2,1.01,95.92,12.5
785,kendari,98,ID,1562789630,96,-3.99,122.52,69.45,1.88
786,skibbereen,75,IE,1562789439,93,51.55,-9.27,60.8,9.17
787,halifax,75,CA,1562789612,49,44.65,-63.58,72.0,17.22
788,eldorado,0,BR,1562789631,85,-24.52,-48.11,58.84,1.9
789,mount pleasant,1,US,1562789464,52,33.16,-94.97,95.0,0.89
790,itapirapua,0,BR,1562789632,36,-15.82,-50.61,75.75,3.69
791,valverde del camino,0,ES,1562789632,47,37.57,-6.75,71.8,5.44
792,mangaratiba,0,BR,1562789632,53,-22.96,-44.04,82.4,9.17
793,trairi,68,BR,1562789415,85,-3.28,-39.27,74.85,6.4
794,sulangan,47,PH,1562789633,72,11.14,123.72,82.42,3.67
795,sao jose da coroa grande,44,BR,1562789633,92,-8.9,-35.15,72.34,3.29
796,bagotville,0,AU,1562789634,87,-28.98,153.42,54.0,8.05
797,ngunguru,0,NZ,1562789634,95,-35.62,174.5,46.99,3.0
798,lagoa,0,PT,1562789635,50,37.14,-8.45,78.8,8.05
799,guiratinga,0,BR,1562789635,34,-16.35,-53.76,79.35,3.94
800,mazagao,40,BR,1562789635,79,-0.12,-51.29,84.2,4.7
801,marrakesh,0,MA,1562789636,42,31.63,-7.99,82.4,10.29
802,pindwara,100,IN,1562789636,71,24.79,73.05,81.34,17.69
803,asyut,0,EG,1562789637,27,27.18,31.19,89.6,11.41
804,sobolevo,100,RU,1562789637,95,54.43,31.9,50.74,4.45
805,muskogee,90,US,1562789562,83,35.75,-95.37,78.8,17.22
806,tangping,100,CN,1562789637,77,33.69,105.67,58.3,2.08
807,canyon,40,US,1562789637,44,34.98,-101.92,93.2,19.46
808,qaqortoq,20,GL,1562789638,41,60.72,-46.03,60.8,11.41
809,fremont,20,US,1562789638,68,37.55,-121.99,78.01,16.11
810,lorengau,100,PG,1562789638,83,-2.02,147.27,78.82,11.25
811,antofagasta,40,CL,1562789593,67,-23.65,-70.4,59.0,10.29
812,salinas,1,US,1562789603,50,36.67,-121.66,84.99,9.17
813,peterhead,75,AU,1562789639,87,-34.83,138.5,55.0,18.34
814,miles city,1,US,1562789640,44,46.41,-105.84,75.2,10.29
815,rio do sul,80,BR,1562789640,66,-27.22,-49.64,66.99,1.19
816,igrim,100,RU,1562789640,98,63.19,64.42,59.92,8.55
817,carauari,51,BR,1562789641,93,-4.88,-66.9,78.27,4.09
818,samana,75,EC,1562789641,58,0.12,-76.97,86.0,2.24
819,alegrete,100,BR,1562789641,87,-29.79,-55.79,59.74,5.95
820,ribeira do pombal,72,BR,1562789642,87,-10.84,-38.54,69.45,6.55
821,raudeberg,20,NO,1562789642,77,61.99,5.14,66.2,1.12
822,shimanovsk,100,RU,1562789642,92,52.0,127.67,68.2,0.72
823,milkovo,90,BG,1562789642,93,41.53,24.68,69.8,8.05
824,elko,1,US,1562789412,14,40.83,-115.76,93.99,12.75
825,arlit,6,NE,1562789643,17,18.74,7.39,101.85,9.89
